order,province,mountain_name,verification_point,altitude_m,location,forest_service_match,coordinate_status
1,서울,관악산,정상,629,"서울특별시 관악구, 금천구, 경기도 안양시, 과천시",관악산,pending
2,서울,도봉산,신선대,740,서울특별시 도봉구 도봉동,도봉산(자운봉),pending
3,서울,북한산,백운대,837,서울특별시 성북구 정릉동 산1-1,북한산(백운대),pending
4,서울,수락산,주봉,640,서울특별시 노원구 상계동,,pending
5,서울,청계산,매봉,582,"서울특별시 서초구 신원동, 경기도 과천시 막계동, 의왕시 청계동, 성남시 수정구",,pending
6,부산,금정산,고당봉,802,"부산광역시 금정구, 경상남도 양산시 동면 가산리 산1-1",금정산,pending
7,대구,비슬산,천왕봉,1084,대구광역시 달성군 유가면,비슬산(천왕봉),pending
8,인천,마니산(강화도),정상,472,인천광역시 강화군 화도읍,마니산,pending
9,광주,무등산,서석대/인왕봉,1100,광주광역시 동구 지산동,무등산,pending
10,대전,계룡산,관음봉,766,"대전광역시, 충남 공주시",계룡산,pending
11,울산,신불산,정상,1159,울산광역시 울주군 상북면,신불산,pending
12,울산,가지산,정상,1241,울산광역시 울주군 상북면,가지산,pending
13,경기도,연인산,정상,1068,경기도 가평군 가평읍 승안리,,pending
14,경기도,명지산,정상,1267,경기도 가평군 북면,명지산,pending
15,경기도,화악산,중봉,1446,경기도 가평군 북면,화악산,pending
16,경기도,유명산,정상,862,경기도 가평군 설악면,유명산,pending
17,경기도,감악산,정상,674,경기도 파주시 적성면 설마리,감악산,pending
18,경기도,천마산,정상석,812,경기도 남양주시 화도읍,천마산,pending
19,경기도,소요산,의상대,587,경기도 동두천시 소요동,소요산,pending
20,경기도,용문산,가섭봉 정상석,1157,경기도 양평군 용문면 신점리 625,용문산,pending
21,강원도,감악산(원주/제천),원주/제천 정상석,945,"강원 원주시 신림면 용암리, 충북 제천시",,pending
22,강원도,가리산,정상,1051,강원도 홍천군 두촌면,가리산,pending
23,강원도,가리왕산,정상,1561,강원도 정선군 정선읍 회동리,가리왕산,pending
24,강원도,계방산,정상,1577,강원도 평창군 용평면 노동리,계방산,pending
25,강원도,덕항산,정상,1071,강원도 삼척시 하장면,덕항산,pending
26,강원도,두타산,정상,1353,강원도 삼척시 하장면,두타산,pending
27,강원도,방태산,주억봉,1444,강원도 인제군 기린면,방태산(주억봉),pending
28,강원도,백덕산,정상,1350,강원도 영월군 수주면 법흥리,백덕산,pending
29,강원도,백운산(동강),정상,882,강원도 정선군 신동읍,백운산(정선),pending
30,강원도,삼악산,용화봉,654,강원도 춘천시 서면,삼악산,pending
31,강원도,설악산,대청봉,1708,강원도 양양군 서면 오색리,설악산(대청봉),pending
32,강원도,오대산 노인봉,노인봉,1338,강원도 강릉시 연곡면,,pending
33,강원도,오대산 비로봉,비로봉,1565,강원도 평창군 진부면 동산리 75-6,오대산(비로봉),pending
34,강원도,오봉산,정상(5봉),779,강원도 춘천시 북산면,오봉산,pending
35,강원도,용화산,정상,874,강원도 춘천시 사북면 고탄리,용화산,pending
36,강원도,응봉산(울진),정상,998,강원도 삼척시 가곡면,응봉산(매봉산),pending
37,강원도,치악산,비로봉,1288,강원도 원주시 소초면 학곡리 900,치악산,pending
38,강원도,태백산,천제단,1567,강원도 태백시,태백산,pending
39,강원도,태화산,정상,1027,강원도 영월군 영월읍,태화산,pending
40,강원도,팔봉산(홍천),팔봉산(2봉 인증),327,강원도 홍천군 서면,팔봉산,pending
41,강원도,함백산,정상,1573,강원도 정선군 고한읍,,pending
42,충북,구병산,정상,877,충북 보은군 마로면,구병산,pending
43,충북,금수산,정상,1016,충북 제천시 수산면 상천리,금수산,pending
44,충북,대야산,정상,931,충북 괴산군 청천면,대야산,pending
45,충북,도락산,정상,964,충북 단양군 단성면 가산리,도락산,pending
46,충북,민주지산,민주지산,1241,충북 영동군 용화면,민주지산,pending
47,충북,속리산,천왕봉,1057,충북 보은군 속리산면 상판리 19-1,속리산,pending
48,충북,월악산,영봉,1097,충북 제천시 한수면,월악산,pending
49,충북,천태산,정상,714,충북 영동군 양산면,천태산,pending
50,충북,청화산,정상,970,충북 괴산군 청천면,,pending
51,충북,칠보산,정상,778,충북 괴산군 칠성면 태성리,,pending
52,충남,가야산(예산),정상,687,충남 예산군,,pending
53,충남,광덕산,정상,699,충남 천안시 동남구 광덕면,,pending
54,충남,대둔산,마천대,878,충남 논산시,대둔산,pending
55,충남,오서산,정상,791,충남 홍성군 광천읍,,pending
56,충남,용봉산,정상,381,충남 홍성군 홍북면,,pending
57,충남,칠갑산,정상,561,충남 청양군 대치면,칠갑산,pending
58,전북,구봉산,천왕봉,1002,전북 진안군 주천면 운봉리,,pending
59,전북,내변산,관음봉,424,전북 부안군 변산면,변산(의상봉),pending
60,전북,내장산,신선봉,763,전북 정읍시 내장동,내장산(신선봉),pending
61,전북,덕유산,향적봉,1614,전북 무주군 설천면 삼공리 411-8,덕유산(향적봉),pending
62,전북,마이산,비룡대,686,전북 진안군,마이산(암마이산),pending
63,전북,모악산,정상,793,전북 완주군 구이면,모악산,pending
64,전북,선운산,수리봉,336,전북 고창군 아산면,선운산,pending
65,전북,운장산,운장대,1126,전북 진안군 주천면,운장산,pending
66,전북,장안산,정상,1237,전북 장수군 장수읍,장안산,pending
67,전북,지리산 바래봉,바래봉,1165,전북 남원시 운봉읍,,pending
68,전북,지리산 반야봉,반야봉,1732,전북 남원시 산내면,,pending
69,전남,달마산,달마봉,489,전남 해남군 송지면 가차리,,pending
70,전남,덕룡산,서봉,432,"전남 강진군 도암면, 신전면",,pending
71,전남,동악산,시루봉,735,전남 곡성군 곡성읍,,pending
72,전남,두륜산,가련봉,703,전남 해남군 삼산면,두륜산,pending
73,전남,방장산,정상,742,전남 장성군 북이면,방장산,pending
74,전남,백암산,상왕봉,741,전남 장성군 북하면,백암산,pending
75,전남,백운산(광양),상봉,1222,전남 광양시 옥룡면,백운산(광양),pending
76,전남,불갑산,연실봉,516,전남 영광군 불갑면,,pending
77,전남,월출산,천황봉 정상석,809,전남 영암군 영암읍,월출산,pending
78,전남,조계산,장군봉,888,전남 순천시 송광면,조계산,pending
79,전남,천관산,연대봉,724,전남 장흥군 관산읍,천관산,pending
80,전남,축령산(장성),정상,621,전남 장성군 서삼면,,pending
81,전남,팔영산,깃대봉,608,전남 고흥군 점암면,팔영산,pending
82,경북,금오산,현월봉,977,경북 구미시 남통동,금오산,pending
83,경북,남산(경주),금오봉,468,경북 경주시 탑동,남산(금오산),pending
84,경북,내연산,삼지봉,711,경북 영덕군 남정면,내연산,pending
85,경북,소백산,비로봉,1440,경북 영주시 풍기읍,소백산,pending
86,경북,조령산,정상,1026,경북 문경시 문경읍,,pending
87,경북,주왕산,주봉,721,경북 청송군 부동면,주왕산,pending
88,경북,주흘산,주봉,1106,경북 문경시 문경읍,주흘산,pending
89,경북,청량산,장인봉,870,경북 봉화군 명호면,청량산,pending
90,경북,팔공산,비로봉,1193,경북 칠곡군 동명면 득명리 113-1,팔공산,pending
91,경북,황악산,정상,1111,경북 김천시 대항면,황악산,pending
92,경남,가야산(합천),정상,1430,경남 합천군 가야면,가야산,pending
93,경남,재약산,수미봉,1189,경남 밀양시 단장면,재약산,pending
94,경남,지리산 천왕봉,천왕봉,1915,경남 함양군,지리산(천왕봉),pending
95,경남,천성산,비로봉,855,경남 양산시 하북면,천성산,pending
96,경남,화왕산,정상,756,경남 창녕군 창녕읍,화왕산,pending
97,경남,황매산,정상,1108,경남 합천군 가회면,황매산,pending
98,경남,황석산,황석산 정상석,1192,경남 함양군 서하면 봉전리,황석산,pending
99,경기도,운악산,서봉,936,경기도 가평군 하면,운악산(현등산),pending
100,제주,한라산,백록담,1950,제주도 제주시,한라산,pending
